Path,Label
/imagessim_passed/image_0,RED
/imagessim_passed/image_1,RED
/imagessim_passed/image_2,RED
/imagessim_passed/image_3,RED
/imagessim_passed/image_4,YELLOW
/imagessim_passed/image_5,RED
/imagessim_passed/image_6,RED
/imagessim_passed/image_7,RED
/imagessim_passed/image_8,GREEN
/imagessim_passed/image_9,RED
/imagessim_passed/image_10,RED
/imagessim_passed/image_11,RED
/imagessim_passed/image_12,RED
/imagessim_passed/image_13,RED
/imagessim_passed/image_14,RED
/imagessim_passed/image_15,RED
/imagessim_passed/image_16,YELLOW
/imagessim_passed/image_17,RED
/imagessim_passed/image_18,RED
/imagessim_passed/image_19,GREEN
/imagessim_passed/image_20,RED
/imagessim_passed/image_21,RED
/imagessim_passed/image_22,GREEN
/imagessim_passed/image_23,RED
/imagessim_passed/image_24,RED
/imagessim_passed/image_25,RED
/imagessim_passed/image_26,RED
/imagessim_passed/image_27,RED
/imagessim_passed/image_28,RED
/imagessim_passed/image_29,RED
/imagessim_passed/image_30,RED
/imagessim_passed/image_31,RED
/imagessim_passed/image_32,YELLOW
/imagessim_passed/image_33,RED
/imagessim_passed/image_34,RED
/imagessim_passed/image_35,RED
/imagessim_passed/image_36,RED
/imagessim_passed/image_37,GREEN
/imagessim_passed/image_38,RED
/imagessim_passed/image_39,RED
/imagessim_passed/image_40,RED
/imagessim_passed/image_41,RED
/imagessim_passed/image_42,RED
/imagessim_passed/image_43,RED
/imagessim_passed/image_44,GREEN
/imagessim_passed/image_45,RED
/imagessim_passed/image_46,RED
/imagessim_passed/image_47,GREEN
/imagessim_passed/image_48,GREEN
/imagessim_passed/image_49,RED
/imagessim_passed/image_50,RED
/imagessim_passed/image_51,RED
/imagessim_passed/image_52,YELLOW
/imagessim_passed/image_53,RED
/imagessim_passed/image_54,RED
/imagessim_passed/image_55,RED
/imagessim_passed/image_56,RED
/imagessim_passed/image_57,GREEN
/imagessim_passed/image_58,RED
/imagessim_passed/image_59,RED
/imagessim_passed/image_60,RED
/imagessim_passed/image_61,RED
/imagessim_passed/image_62,GREEN
/imagessim_passed/image_63,RED
/imagessim_passed/image_64,RED
/imagessim_passed/image_65,RED
/imagessim_passed/image_66,RED
/imagessim_passed/image_67,RED
